image,video_id,split,event_type
images/test/VID_20260922_170525_frame_000001.jpg,VID_20260922_170525,test,safe_pass
images/train/VID_20260922_170345_frame_000061.jpg,VID_20260922_170345,train,safe_pass
images/train/VID_20260922_170345_frame_000031.jpg,VID_20260922_170345,train,safe_pass
images/val/VID_20260922_170405_frame_000061.jpg,VID_20260922_170405,val,safe_pass
images/test/VID_20260922_170525_frame_000181.jpg,VID_20260922_170525,test,safe_pass
images/val/VID_20260922_170405_frame_000031.jpg,VID_20260922_170405,val,safe_pass
images/train/VID_20260922_165928_frame_000181.jpg,VID_20260922_165928,train,safe_pass
images/train/VID_20260922_165928_frame_000211.jpg,VID_20260922_165928,train,safe_pass
images/val/VID_20260922_170807_frame_000061.jpg,VID_20260922_170807,val,safe_pass
images/val/VID_20260922_170807_frame_000031.jpg,VID_20260922_170807,val,safe_pass
images/train/VID_20260922_165051_frame_000001.jpg,VID_20260922_165051,train,safe_pass
images/train/VID_20260922_165309_frame_000241.jpg,VID_20260922_165309,train,safe_pass
images/train/VID_20260922_164819_frame_000151.jpg,VID_20260922_164819,train,safe_pass
images/test/VID_20260922_170001_frame_000031.jpg,VID_20260922_170001,test,safe_pass
images/test/VID_20260922_170001_frame_000001.jpg,VID_20260922_170001,test,safe_pass
images/train/VID_20260922_170741_frame_000091.jpg,VID_20260922_170741,train,safe_pass
images/train/VID_20260922_170741_frame_000151.jpg,VID_20260922_170741,train,safe_pass
images/train/VID_20260922_165015_frame_000151.jpg,VID_20260922_165015,train,safe_pass
images/train/VID_20260922_170741_frame_000230.jpg,VID_20260922_170741,train,safe_pass
images/train/VID_20260922_165520_frame_000061.jpg,VID_20260922_165520,train,safe_pass
images/train/VID_20260922_164541_frame_000061.jpg,VID_20260922_164541,train,safe_pass
images/test/VID_20260922_164502_frame_000061.jpg,VID_20260922_164502,test,safe_pass
images/val/VID_20260922_170807_frame_000121.jpg,VID_20260922_170807,val,safe_pass
images/val/VID_20260922_170807_frame_000091.jpg,VID_20260922_170807,val,safe_pass
images/test/VID_20260922_164502_frame_000121.jpg,VID_20260922_164502,test,safe_pass
images/val/VID_20260922_170807_frame_000151.jpg,VID_20260922_170807,val,safe_pass
images/train/VID_20260922_170741_frame_000001.jpg,VID_20260922_170741,train,safe_pass
images/train/VID_20260922_165051_frame_000091.jpg,VID_20260922_165051,train,safe_pass
images/train/VID_20260922_165520_frame_000091.jpg,VID_20260922_165520,train,safe_pass
images/test/VID_20260922_164502_frame_000001.jpg,VID_20260922_164502,test,safe_pass
images/train/VID_20260922_170741_frame_000181.jpg,VID_20260922_170741,train,safe_pass
images/train/VID_20260922_165520_frame_000211.jpg,VID_20260922_165520,train,safe_pass
images/train/VID_20260922_165520_frame_000151.jpg,VID_20260922_165520,train,safe_pass
images/train/VID_20260922_164819_frame_000031.jpg,VID_20260922_164819,train,safe_pass
images/train/VID_20260922_165429_frame_000211.jpg,VID_20260922_165429,train,safe_pass
images/train/VID_20260922_165051_frame_000061.jpg,VID_20260922_165051,train,safe_pass
images/test/VID_20260922_164502_frame_000091.jpg,VID_20260922_164502,test,safe_pass
images/val/VID_20260922_170807_frame_000181.jpg,VID_20260922_170807,val,safe_pass
images/train/VID_20260922_165015_frame_000271.jpg,VID_20260922_165015,train,safe_pass
images/train/VID_20260922_164819_frame_000061.jpg,VID_20260922_164819,train,safe_pass
images/train/VID_20260922_164658_frame_000301.jpg,VID_20260922_164658,train,safe_pass
images/val/VID_20260922_170807_frame_000203.jpg,VID_20260922_170807,val,safe_pass
images/train/VID_20260922_165129_frame_000211.jpg,VID_20260922_165129,train,safe_pass
images/train/VID_20260922_165309_frame_000031.jpg,VID_20260922_165309,train,safe_pass
images/train/VID_20260922_164658_frame_000001.jpg,VID_20260922_164658,train,safe_pass
images/train/VID_20260922_164658_frame_000271.jpg,VID_20260922_164658,train,safe_pass
images/train/VID_20260922_165429_frame_000181.jpg,VID_20260922_165429,train,safe_pass
images/train/VID_20260917_153750_frame_000061.jpg,VID_20260917_153750,train,safe_pass
images/train/VID_20260922_170741_frame_000061.jpg,VID_20260922_170741,train,safe_pass
images/train/VID_20260922_164541_frame_000121.jpg,VID_20260922_164541,train,safe_pass
images/train/VID_20260922_164819_frame_000121.jpg,VID_20260922_164819,train,safe_pass
images/train/VID_20260922_164819_frame_000181.jpg,VID_20260922_164819,train,safe_pass
images/train/VID_20260922_164658_frame_000310.jpg,VID_20260922_164658,train,safe_pass
images/train/VID_20260922_165015_frame_000061.jpg,VID_20260922_165015,train,safe_pass
images/test/VID_20260917_153727_frame_000331.jpg,VID_20260917_153727,test,conflict
images/train/VID_20260922_164541_frame_000313.jpg,VID_20260922_164541,train,safe_pass
images/train/VID_20260922_164541_frame_000241.jpg,VID_20260922_164541,train,safe_pass
images/train/VID_20260922_165015_frame_000001.jpg,VID_20260922_165015,train,safe_pass
images/val/VID_20260917_154223_frame_000330.jpg,VID_20260917_154223,val,safe_pass
images/train/VID_20260922_165520_frame_000121.jpg,VID_20260922_165520,train,safe_pass
images/val/VID_20260917_154223_frame_000271.jpg,VID_20260917_154223,val,safe_pass
images/train/VID_20260922_164658_frame_000211.jpg,VID_20260922_164658,train,safe_pass
images/train/VID_20260922_165051_frame_000241.jpg,VID_20260922_165051,train,safe_pass
images/train/VID_20260922_164629_frame_000211.jpg,VID_20260922_164629,train,safe_pass
images/train/VID_20260922_165051_frame_000121.jpg,VID_20260922_165051,train,safe_pass
images/val/VID_20260917_154223_frame_000301.jpg,VID_20260917_154223,val,safe_pass
images/test/VID_20260922_164502_frame_000181.jpg,VID_20260922_164502,test,safe_pass
images/train/VID_20260922_165429_frame_000241.jpg,VID_20260922_165429,train,safe_pass
images/train/VID_20260922_164852_frame_000031.jpg,VID_20260922_164852,train,safe_pass
images/train/VID_20260922_164629_frame_000121.jpg,VID_20260922_164629,train,safe_pass
images/test/VID_20260922_164502_frame_000031.jpg,VID_20260922_164502,test,safe_pass
images/train/VID_20260922_164658_frame_000151.jpg,VID_20260922_164658,train,safe_pass
images/train/VID_20260922_165520_frame_000241.jpg,VID_20260922_165520,train,safe_pass
images/train/VID_20260922_164852_frame_000001.jpg,VID_20260922_164852,train,safe_pass
images/train/VID_20260922_165520_frame_000246.jpg,VID_20260922_165520,train,safe_pass
images/train/VID_20260922_164852_frame_000061.jpg,VID_20260922_164852,train,safe_pass
images/train/VID_20260922_165051_frame_000151.jpg,VID_20260922_165051,train,safe_pass
images/train/VID_20260922_164658_frame_000061.jpg,VID_20260922_164658,train,safe_pass
images/train/VID_20260922_164629_frame_000001.jpg,VID_20260922_164629,train,safe_pass
images/train/VID_20260922_164658_frame_000181.jpg,VID_20260922_164658,train,safe_pass
images/train/VID_20260922_164629_frame_000091.jpg,VID_20260922_164629,train,safe_pass
images/train/VID_20260922_164541_frame_000151.jpg,VID_20260922_164541,train,safe_pass
images/train/VID_20260922_164629_frame_000031.jpg,VID_20260922_164629,train,safe_pass
images/train/VID_20260922_164819_frame_000091.jpg,VID_20260922_164819,train,safe_pass
images/train/VID_20260922_165051_frame_000246.jpg,VID_20260922_165051,train,safe_pass
images/train/VID_20260917_153750_frame_000091.jpg,VID_20260917_153750,train,safe_pass
images/train/VID_20260917_153750_frame_000001.jpg,VID_20260917_153750,train,near_miss
images/train/VID_20260922_164629_frame_000241.jpg,VID_20260922_164629,train,safe_pass
images/train/VID_20260922_164541_frame_000091.jpg,VID_20260922_164541,train,safe_pass
images/train/VID_20260922_164541_frame_000001.jpg,VID_20260922_164541,train,safe_pass
images/train/VID_20260922_164541_frame_000271.jpg,VID_20260922_164541,train,safe_pass
images/val/VID_20260917_154223_frame_000241.jpg,VID_20260917_154223,val,safe_pass
images/train/VID_20260922_170741_frame_000211.jpg,VID_20260922_170741,train,safe_pass
images/train/VID_20260922_164629_frame_000151.jpg,VID_20260922_164629,train,safe_pass
images/train/VID_20260917_153750_frame_000181.jpg,VID_20260917_153750,train,safe_pass
images/train/VID_20260922_164541_frame_000181.jpg,VID_20260922_164541,train,safe_pass
images/train/VID_20260922_165051_frame_000181.jpg,VID_20260922_165051,train,safe_pass
images/train/VID_20260922_164541_frame_000211.jpg,VID_20260922_164541,train,safe_pass
images/train/VID_20260922_164629_frame_000181.jpg,VID_20260922_164629,train,safe_pass
images/train/VID_20260922_164852_frame_000241.jpg,VID_20260922_164852,train,safe_pass
images/train/VID_20260922_164658_frame_000091.jpg,VID_20260922_164658,train,safe_pass
images/train/VID_20260922_165015_frame_000301.jpg,VID_20260922_165015,train,safe_pass
images/train/VID_20260922_164852_frame_000255.jpg,VID_20260922_164852,train,safe_pass
images/train/VID_20260922_165309_frame_000001.jpg,VID_20260922_165309,train,safe_pass
